<?xml version="1.0" encoding="UTF-8"?>
<project-private xmlns="http://www.netbeans.org/ns/project-private/1">
    <editor-bookmarks xmlns="http://www.netbeans.org/ns/editor-bookmarks/2" lastBookmarkId="1">
        <file>
            <url>src/dao/Maxacnhandao.java</url>
            <bookmark id="1">
                <name/>
                <line>42</line>
                <key/>
            </bookmark>
        </file>
    </editor-bookmarks>
    <open-files xmlns="http://www.netbeans.org/ns/projectui-open-files/2">
        <group>
            <file>file:/C:/Users/acchi/Downloads/Assignment_java_Ky_Cuoi%20(2)%20(2)%20(1)/Assignment_java_Ky_Cuoi%20(2)%20(2)/src/controller/Doanhthucontroller.java</file>
            <file>file:/C:/Users/acchi/Downloads/Assignment_java_Ky_Cuoi%20(2)%20(2)%20(1)/Assignment_java_Ky_Cuoi%20(2)%20(2)/src/javaswingdev/NotificationManager.java</file>
            <file>file:/C:/Users/acchi/Downloads/Assignment_java_Ky_Cuoi%20(2)%20(2)%20(1)/Assignment_java_Ky_Cuoi%20(2)%20(2)/src/controller/dangnhapController.java</file>
            <file>file:/C:/Users/acchi/Downloads/Assignment_java_Ky_Cuoi%20(2)%20(2)%20(1)/Assignment_java_Ky_Cuoi%20(2)%20(2)/src/dao/dangnhapDAO.java</file>
            <file>file:/C:/Users/acchi/Downloads/Assignment_java_Ky_Cuoi%20(2)%20(2)%20(1)/Assignment_java_Ky_Cuoi%20(2)%20(2)/src/giaodien/formgoc.java</file>
            <file>file:/C:/Users/acchi/Downloads/Assignment_java_Ky_Cuoi%20(2)%20(2)%20(1)/Assignment_java_Ky_Cuoi%20(2)%20(2)/src/giaodien/QLSPpanel.java</file>
            <file>file:/C:/Users/acchi/Downloads/Assignment_java_Ky_Cuoi%20(2)%20(2)%20(1)/Assignment_java_Ky_Cuoi%20(2)%20(2)/src/controller/Controller.java</file>
            <file>file:/C:/Users/acchi/Downloads/Assignment_java_Ky_Cuoi%20(2)%20(2)%20(1)/Assignment_java_Ky_Cuoi%20(2)%20(2)/src/giaodien/PermissionManager.java</file>
            <file>file:/C:/Users/acchi/Downloads/Assignment_java_Ky_Cuoi%20(2)%20(2)%20(1)/Assignment_java_Ky_Cuoi%20(2)%20(2)/src/controller/DangKyController.java</file>
            <file>file:/C:/Users/acchi/Downloads/Assignment_java_Ky_Cuoi%20(2)%20(2)%20(1)/Assignment_java_Ky_Cuoi%20(2)%20(2)/src/poly/cafe/entity/ThongkeNV.java</file>
            <file>file:/C:/Users/acchi/Downloads/Assignment_java_Ky_Cuoi%20(2)%20(2)%20(1)/Assignment_java_Ky_Cuoi%20(2)%20(2)/src/javaswingdev/GraphicsUtilities.java</file>
            <file>file:/C:/Users/acchi/Downloads/Assignment_java_Ky_Cuoi%20(2)%20(2)%20(1)/Assignment_java_Ky_Cuoi%20(2)%20(2)/src/bieudotron/ChartHelper.java</file>
            <file>file:/C:/Users/acchi/Downloads/Assignment_java_Ky_Cuoi%20(2)%20(2)%20(1)/Assignment_java_Ky_Cuoi%20(2)%20(2)/src/giaodien/QLNV1.java</file>
            <file>file:/C:/Users/acchi/Downloads/Assignment_java_Ky_Cuoi%20(2)%20(2)%20(1)/Assignment_java_Ky_Cuoi%20(2)%20(2)/src/javaswingdev/ShadowRenderer.java</file>
            <file>file:/C:/Users/acchi/Downloads/Assignment_java_Ky_Cuoi%20(2)%20(2)%20(1)/Assignment_java_Ky_Cuoi%20(2)%20(2)/src/poly/cafe/entity/PendingAccount.java</file>
            <file>file:/C:/Users/acchi/Downloads/Assignment_java_Ky_Cuoi%20(2)%20(2)%20(1)/Assignment_java_Ky_Cuoi%20(2)%20(2)/src/poly/cafe/entity/account.java</file>
            <file>file:/C:/Users/acchi/Downloads/Assignment_java_Ky_Cuoi%20(2)%20(2)%20(1)/Assignment_java_Ky_Cuoi%20(2)%20(2)/src/giaodien/Thongke.java</file>
            <file>file:/C:/Users/acchi/Downloads/Assignment_java_Ky_Cuoi%20(2)%20(2)%20(1)/Assignment_java_Ky_Cuoi%20(2)%20(2)/src/dao/Maxacnhandao.java</file>
            <file>file:/C:/Users/acchi/Downloads/Assignment_java_Ky_Cuoi%20(2)%20(2)%20(1)/Assignment_java_Ky_Cuoi%20(2)%20(2)/src/poly/cafe/entity/PMHModel.java</file>
            <file>file:/C:/Users/acchi/Downloads/Assignment_java_Ky_Cuoi%20(2)%20(2)%20(1)/Assignment_java_Ky_Cuoi%20(2)%20(2)/src/XAuthen/XAuthen.java</file>
            <file>file:/C:/Users/acchi/Downloads/Assignment_java_Ky_Cuoi%20(2)%20(2)%20(1)/Assignment_java_Ky_Cuoi%20(2)%20(2)/src/poly/cafe/entity/QLNV.java</file>
            <file>file:/C:/Users/acchi/Downloads/Assignment_java_Ky_Cuoi%20(2)%20(2)%20(1)/Assignment_java_Ky_Cuoi%20(2)%20(2)/src/dao/DangkyDao.java</file>
            <file>file:/C:/Users/acchi/Downloads/Assignment_java_Ky_Cuoi%20(2)%20(2)%20(1)/Assignment_java_Ky_Cuoi%20(2)%20(2)/src/giaodien/LSPhieuMuaHang.java</file>
            <file>file:/C:/Users/acchi/Downloads/Assignment_java_Ky_Cuoi%20(2)%20(2)%20(1)/Assignment_java_Ky_Cuoi%20(2)%20(2)/src/dao/PhieumuahangDAO.java</file>
            <file>file:/C:/Users/acchi/Downloads/Assignment_java_Ky_Cuoi%20(2)%20(2)%20(1)/Assignment_java_Ky_Cuoi%20(2)%20(2)/src/poly/cafe/entity/Doanhthuenity.java</file>
            <file>file:/C:/Users/acchi/Downloads/Assignment_java_Ky_Cuoi%20(2)%20(2)%20(1)/Assignment_java_Ky_Cuoi%20(2)%20(2)/src/giaodien/MaXacNhan.java</file>
            <file>file:/C:/Users/acchi/Downloads/Assignment_java_Ky_Cuoi%20(2)%20(2)%20(1)/Assignment_java_Ky_Cuoi%20(2)%20(2)/src/giaodien/PhieuMuaHang.java</file>
            <file>file:/C:/Users/acchi/Downloads/Assignment_java_Ky_Cuoi%20(2)%20(2)%20(1)/Assignment_java_Ky_Cuoi%20(2)%20(2)/src/dao/DTDao.java</file>
            <file>file:/C:/Users/acchi/Downloads/Assignment_java_Ky_Cuoi%20(2)%20(2)%20(1)/Assignment_java_Ky_Cuoi%20(2)%20(2)/src/controller/QLTKController.java</file>
            <file>file:/C:/Users/acchi/Downloads/Assignment_java_Ky_Cuoi%20(2)%20(2)%20(1)/Assignment_java_Ky_Cuoi%20(2)%20(2)/src/dao/daosetting.java</file>
            <file>file:/C:/Users/acchi/Downloads/Assignment_java_Ky_Cuoi%20(2)%20(2)%20(1)/Assignment_java_Ky_Cuoi%20(2)%20(2)/src/dao/NhanVienDAO.java</file>
            <file>file:/C:/Users/acchi/Downloads/Assignment_java_Ky_Cuoi%20(2)%20(2)%20(1)/Assignment_java_Ky_Cuoi%20(2)%20(2)/src/dao/QLPMHDAO.java</file>
            <file>file:/C:/Users/acchi/Downloads/Assignment_java_Ky_Cuoi%20(2)%20(2)%20(1)/Assignment_java_Ky_Cuoi%20(2)%20(2)/src/giaodien/Doimatin.java</file>
            <file>file:/C:/Users/acchi/Downloads/Assignment_java_Ky_Cuoi%20(2)%20(2)%20(1)/Assignment_java_Ky_Cuoi%20(2)%20(2)/src/poly/cafe/entity/loaidouong.java</file>
            <file>file:/C:/Users/acchi/Downloads/Assignment_java_Ky_Cuoi%20(2)%20(2)%20(1)/Assignment_java_Ky_Cuoi%20(2)%20(2)/src/controller/QLSPController.java</file>
            <file>file:/C:/Users/acchi/Downloads/Assignment_java_Ky_Cuoi%20(2)%20(2)%20(1)/Assignment_java_Ky_Cuoi%20(2)%20(2)/src/Theme/UITheme.java</file>
            <file>file:/C:/Users/acchi/Downloads/Assignment_java_Ky_Cuoi%20(2)%20(2)%20(1)/Assignment_java_Ky_Cuoi%20(2)%20(2)/src/dao/lichsubandao.java</file>
            <file>file:/C:/Users/acchi/Downloads/Assignment_java_Ky_Cuoi%20(2)%20(2)%20(1)/Assignment_java_Ky_Cuoi%20(2)%20(2)/src/dao/thaydoimatkhauDAO.java</file>
            <file>file:/C:/Users/acchi/Downloads/Assignment_java_Ky_Cuoi%20(2)%20(2)%20(1)/Assignment_java_Ky_Cuoi%20(2)%20(2)/src/controller/SettingController.java</file>
            <file>file:/C:/Users/acchi/Downloads/Assignment_java_Ky_Cuoi%20(2)%20(2)%20(1)/Assignment_java_Ky_Cuoi%20(2)%20(2)/src/controller/PhieuMuaHangController.java</file>
            <file>file:/C:/Users/acchi/Downloads/Assignment_java_Ky_Cuoi%20(2)%20(2)%20(1)/Assignment_java_Ky_Cuoi%20(2)%20(2)/src/javaswingdev/Notification.java</file>
            <file>file:/C:/Users/acchi/Downloads/Assignment_java_Ky_Cuoi%20(2)%20(2)%20(1)/Assignment_java_Ky_Cuoi%20(2)%20(2)/src/poly/cafe/entity/TKDTmdd.java</file>
            <file>file:/C:/Users/acchi/Downloads/Assignment_java_Ky_Cuoi%20(2)%20(2)%20(1)/Assignment_java_Ky_Cuoi%20(2)%20(2)/src/Base64/Base64Example.java</file>
            <file>file:/C:/Users/acchi/Downloads/Assignment_java_Ky_Cuoi%20(2)%20(2)%20(1)/Assignment_java_Ky_Cuoi%20(2)%20(2)/src/controller/QLNVController.java</file>
            <file>file:/C:/Users/acchi/Downloads/Assignment_java_Ky_Cuoi%20(2)%20(2)%20(1)/Assignment_java_Ky_Cuoi%20(2)%20(2)/src/giaodien/TrangChuPanel.java</file>
            <file>file:/C:/Users/acchi/Downloads/Assignment_java_Ky_Cuoi%20(2)%20(2)%20(1)/Assignment_java_Ky_Cuoi%20(2)%20(2)/src/poly/cafe/entity/Model.java</file>
            <file>file:/C:/Users/acchi/Downloads/Assignment_java_Ky_Cuoi%20(2)%20(2)%20(1)/Assignment_java_Ky_Cuoi%20(2)%20(2)/src/DBCONNEC/Connect.java</file>
            <file>file:/C:/Users/acchi/Downloads/Assignment_java_Ky_Cuoi%20(2)%20(2)%20(1)/Assignment_java_Ky_Cuoi%20(2)%20(2)/src/dao/THEDAO.java</file>
            <file>file:/C:/Users/acchi/Downloads/Assignment_java_Ky_Cuoi%20(2)%20(2)%20(1)/Assignment_java_Ky_Cuoi%20(2)%20(2)/src/dao/QLTKdao.java</file>
            <file>file:/C:/Users/acchi/Downloads/Assignment_java_Ky_Cuoi%20(2)%20(2)%20(1)/Assignment_java_Ky_Cuoi%20(2)%20(2)/src/giaodien/botron.java</file>
            <file>file:/C:/Users/acchi/Downloads/Assignment_java_Ky_Cuoi%20(2)%20(2)%20(1)/Assignment_java_Ky_Cuoi%20(2)%20(2)/src/giaodien/Setting.java</file>
            <file>file:/C:/Users/acchi/Downloads/Assignment_java_Ky_Cuoi%20(2)%20(2)%20(1)/Assignment_java_Ky_Cuoi%20(2)%20(2)/src/poly/cafe/entity/Nhanvien.java</file>
            <file>file:/C:/Users/acchi/Downloads/Assignment_java_Ky_Cuoi%20(2)%20(2)%20(1)/Assignment_java_Ky_Cuoi%20(2)%20(2)/src/giaodien/LichSuBanHangpanel.java</file>
            <file>file:/C:/Users/acchi/Downloads/Assignment_java_Ky_Cuoi%20(2)%20(2)%20(1)/Assignment_java_Ky_Cuoi%20(2)%20(2)/src/giaodien/quanlythe.java</file>
            <file>file:/C:/Users/acchi/Downloads/Assignment_java_Ky_Cuoi%20(2)%20(2)%20(1)/Assignment_java_Ky_Cuoi%20(2)%20(2)/src/dao/QLSPDAO.java</file>
            <file>file:/C:/Users/acchi/Downloads/Assignment_java_Ky_Cuoi%20(2)%20(2)%20(1)/Assignment_java_Ky_Cuoi%20(2)%20(2)/src/giaodien/home.java</file>
            <file>file:/C:/Users/acchi/Downloads/Assignment_java_Ky_Cuoi%20(2)%20(2)%20(1)/Assignment_java_Ky_Cuoi%20(2)%20(2)/src/giaodien/DoiMatKhau.java</file>
            <file>file:/C:/Users/acchi/Downloads/Assignment_java_Ky_Cuoi%20(2)%20(2)%20(1)/Assignment_java_Ky_Cuoi%20(2)%20(2)/src/controller/MaXacNhanController.java</file>
            <file>file:/C:/Users/acchi/Downloads/Assignment_java_Ky_Cuoi%20(2)%20(2)%20(1)/Assignment_java_Ky_Cuoi%20(2)%20(2)/src/giaodien/RoundedPanel.java</file>
            <file>file:/C:/Users/acchi/Downloads/Assignment_java_Ky_Cuoi%20(2)%20(2)%20(1)/Assignment_java_Ky_Cuoi%20(2)%20(2)/src/giaodien/dangkyform.java</file>
            <file>file:/C:/Users/acchi/Downloads/Assignment_java_Ky_Cuoi%20(2)%20(2)%20(1)/Assignment_java_Ky_Cuoi%20(2)%20(2)/src/dao/Thongkedao.java</file>
            <file>file:/C:/Users/acchi/Downloads/Assignment_java_Ky_Cuoi%20(2)%20(2)%20(1)/Assignment_java_Ky_Cuoi%20(2)%20(2)/src/poly/cafe/entity/ChiTietPhieuMuaHangModel.java</file>
            <file>file:/C:/Users/acchi/Downloads/Assignment_java_Ky_Cuoi%20(2)%20(2)%20(1)/Assignment_java_Ky_Cuoi%20(2)%20(2)/src/giaodien/dangNhap.java</file>
        </group>
    </open-files>
</project-private>
